X,Y,V
-305.1468530756368,-1772.9769933053024,42.314380815019575
-305.13872289007946,-1776.9769850428388,42.94621743243253
-305.12855489223045,-1780.9769721193302,43.56497018695382
-305.1163490847323,-1784.9769534963907,44.171206400571485
-305.1021054707508,-1788.9769281360639,44.765458263313356
-305.0858240539832,-1792.9768950001812,45.34822012494772
-305.0675048386553,-1796.9768530507897,45.91995223023804
-305.047147829522,-1800.9768012492978,46.48108397369405
-305.02475303186674,-1804.9767385577572,47.03201676377528
-305.0003204515015,-1808.976663938009,47.57312655240022
-304.97385009476795,-1812.976576351898,48.10318070598961
-304.9042827396011,-1816.9759713528297,48.62432161603282
-304.85789532949906,-1820.9757023711722,49.138345607357685
-304.81269623353217,-1824.9754469945988,49.64383434785202
-304.7686854557107,-1828.9752048681767,50.14107132966828
-304.72586299989655,-1832.9749756407446,50.63031934752782
-304.6842288698714,-1836.9747589592541,51.111827201385125
-304.64378306931116,-1840.974554470656,51.5858307233278
-304.6045256017647,-1844.9743618237853,52.052553723663536
-304.5664564707183,-1848.9741806637037,52.51220884943916
-304.5295756795491,-1852.9740106354718,52.96499836515986
-304.4938832314783,-1856.973851389809,53.41111486418765
-304.4593791296886,-1860.9737025698869,53.85074191821099
-304.4260633772096,-1864.9735638245365,54.28405467127572
-304.3939359769825,-1868.9734348007012,54.70861707645893
-304.3365801015297,-1872.9730235675368,55.12814444818701
-304.28720088592223,-1876.9727187676976,55.542760261593386
-304.2413284877718,-1880.9724557243583,55.951677451448106
-304.19896294233894,-1884.9722313630598,56.35405381644927
-304.1601042821861,-1888.9720426093131,56.74692757090814
-304.1247525371942,-1892.971886387952,57.13071476909556
-304.0929077345291,-1896.9717596246517,57.50577756801014
-304.0645698986748,-1900.971659244415,57.87245593083915
-304.03973905141777,-1904.971582172369,58.23106926258802
-304.0184152118417,-1908.9715253338388,58.58191810108449
-304.00059839634224,-1912.9714856537016,58.925285632365856
-303.9862886186131,-1916.971460057326,59.261439053807074
-303.975485889656,-1920.9714454699988,59.59063080319434
-303.96819021777213,-1924.9714388167804,59.913099669452315
-303.9644016085741,-1928.9714370226534,60.22907179860935
-303.96412006497064,-1932.9714370128854,60.538761606785336
-303.9673455871815,-1936.9714357124542,60.84237261045618
-303.9740781727238,-1940.9714300466271,61.14009818294233
-303.9843178164243,-1944.9714169402416,61.4321222449506
-303.9980645104111,-1948.9713933186463,61.71861989603779
-304.01531824411643,-1952.9713561071978,61.99975802069692
-304.11609106788507,-1956.970086510399,62.27569573668404
-304.1750380424847,-1960.9696521430335,62.54658492775104
-304.23196140712287,-1964.9692470882903,62.81257077562341
-304.286861147229,-1968.9688703223092,63.07379206348619
-304.3397372487604,-1972.9685208220894,63.330381595029465
-304.3905896981571,-1976.968197562022,63.58246654718786
-304.4394184824133,-1980.9678995190925,63.83016879686359
-304.4862235890414,-1984.9676256702808,64.07360522371057
-304.53100500603637,-1988.967374989958,64.31288799108434
-304.57376272194574,-1992.9671464550918,64.54812480704632
-304.6144967258248,-1996.9669390417762,64.7794191671215
-304.6532070072457,-2000.9667517261003,65.00687058034033
-304.68989355630714,-2004.9665834850152,65.23057477994698
-304.72455636359985,-2008.966433292865,65.45062392002275
-304.75719542026866,-2012.9663001274591,65.66710675915596
-304.7878107179409,-2016.9661829631327,65.88010883218345
-304.8164022487886,-2020.9660807768187,66.08971264300516
-305.0550067982727,-2024.9589579185547,66.29599771855943
-305.1900765226107,-2028.956676789307,66.49904084690552
-305.3048880303605,-2032.9550287395095,66.69891617761117
-305.3994383737643,-2036.9539111124436,66.8956953460848
-305.47372512526505,-2040.9532212377717,67.08944759062506
-305.52774637756835,-2044.952856434174,67.28023986256015
-305.56150074369157,-2048.9527140119844,67.46813692996618
-305.57498735699954,-2052.952691275828,67.65320147541499
-305.5682058712268,-2056.952685527255,67.83549418816577
-305.54115646048604,-2060.952594067386,68.01507385118082
-305.4938398192648,-2064.9523141995287,68.19199742331583
-305.4262571624061,-2068.95174323184,68.36632011700708
-305.3384102250784,-2072.950778479947,68.53809547175318
-305.23030126273056,-2076.9493172695875,68.70737542366578
-305.1019330510341,-2080.9472569392456,68.87421037134304
-304.95330888581134,-2084.9444948427918,69.03864923667592
-305.01992917990776,-2088.943940021364,69.20073952949606
-304.98955874618593,-2092.943824724298,69.36052739757854
-304.91943784077534,-2096.9432100594,69.518057682115
-304.8095733896465,-2100.941701000041,69.67337396901806
-304.6599762443131,-2104.93890260793,69.82651863669572
-304.4706611807594,-2108.934420072129,69.9775329018732
-304.2416468979819,-2112.927858748044,70.12645686319678
-303.97295601614167,-2116.9188241964066,70.27332954275165
-303.6646150743303,-2120.9069222222347,70.41818892561442
-303.31665452794846,-2124.8917589137654,70.56107199755249
-302.92910874569833,-2128.872940681364,70.70201478097572
-302.5020160061877,-2132.850074296402,70.84105236923797
-302.03541849415063,-2136.8227669300913,70.97821895938037
-301.5293622962797,-2140.790626192289,71.11354788340188
-300.9838973966745,-2144.7532601702515,71.24707163813737
-300.3990776719046,-2148.7102774673476,71.37882191381819
-299.7749608856871,-2152.6612872417177,71.50882962138556
-299.1116086831833,-2156.605899244872,71.63712491862286
-298.40908658490685,-2160.543723860246,71.76373723516846
-297.6674639802554,-2164.474372141672,71.88869529345264
-297.0093667200661,-2168.41986425244,72.01202714261427
-296.264864260541,-2172.349968079028,72.13376016635138
-295.4725307312665,-2176.270708771599,72.25392111073918
-294.6324837679967,-2180.181504227705,72.37253610458603
-293.7448480903784,-2184.0817738214405,72.48963067814125
-292.8097554834346,-2187.9709384896482,72.60522978172143
-291.8273447779985,-2191.8484208178916,72.71935780359175
-290.7977618301015,-2195.7136451261817,72.83203858714215
-289.7211594993183,-2199.5660375544467,72.943295447392
-288.5976976260725,-2203.405026147731,73.05315118685519
-287.4275430079057,-2207.230040941112,73.16162811079558
-286.2108693747134,-2211.0405140443227,73.26874804190146
-284.9478573629504,-2214.835879726065,73.37453233440574
-283.63869448881434,-2218.615574497999,73.47900188767727
-282.2835751204043,-2222.379037198408,73.5821771593074
-280.88270044886394,-2226.1257090755057,73.68407817771464
-279.43627845851057,-2229.8550338704013,73.78472455428876
-277.94452389595745,-2233.5664578996793,73.88413549509498
-276.4076582382289,-2237.2594301376057,73.98232981215753
-274.82590965988067,-2240.933402297937,74.07932593434093
-273.1995129991214,-2244.5878289153243,74.17514191442015
-271.7113627103901,-2248.300699599599,74.2697954511208
-270.08471376956396,-2251.9550139297176,74.36330388472254
-268.3956241957957,-2255.5808898806827,74.45568421181126
-266.6445909587252,-2259.1772606350232,74.54695309577137
-264.8321292532673,-2262.743068056386,74.63712687457966
-262.95877234802776,-2266.2772630008667,74.72622156931837
-261.02507142840363,-2269.778805625689,74.81425289239773
-259.03159543441205,-2273.2466656951524,74.90123625550525
-256.97893089329426,-2276.6798228837533,74.98718677729268
-254.86768174694606,-2280.0772670763845,75.07211929081132
-252.698469174223,-2283.437998665539,75.15604835070562
-250.47193140817663,-2286.7610288454152,75.23898824017473
-248.18872354827005,-2290.0453799028487,75.32095297771097
-245.849517367633,-2293.290085504975,75.40195632235942
-243.39133791826276,-2296.445613003618,75.48201179236275
-240.91850850620727,-2299.5896732286897,75.56113263518162
-238.40302483485857,-2302.69971211899,75.63933188043862
-235.84535491577958,-2305.775151044582,75.71662231691616
-233.24597460938276,-2308.8154178129294,75.79301650493535
-230.605367536394,-2311.8199467753593,75.86852678171954
-227.9240249878739,-2314.7881789323005,75.9431652666314
-225.20244583381478,-2317.7195620372845,76.01694386674049
-222.44605099772576,-2320.6182319922077,76.08987427967864
-219.64912811619575,-2323.4778162967477,76.16196800175103
-216.81264529299432,-2326.29816471382,76.23323633014424
-213.93715288447612,-2329.078730017595,76.30369036815888
-211.02320881593613,-2331.8189727012673,76.37334102954415
-208.07137847335827,-2334.518361081741,76.44219904274587
-205.0822345937149,-2337.176371402788,76.51027495503273
-202.0563571538394,-2339.7924879366706,76.57757913650484
-198.99433325789536,-2342.3662030842083,76.64412178398888
-195.89675702345988,-2344.897017473266,76.70991292482367
-192.76422946625263,-2347.3844400556454,76.77496242054
-189.59735838351733,-2349.8279882023635,76.83927996836131
-186.35117971134878,-2352.1651497347243,76.90287511615757
-183.08668425839056,-2354.4766577787527,76.96575724146089
-179.79547204180827,-2356.749964213313,77.02793557978418
-176.47799007989238,-2358.984760273886,77.08941921534539
-173.13468895893598,-2361.180742426501,77.15021708661725
-169.76602277203648,-2363.337612408962,77.21033798934734
-166.3724490574215,-2365.455077271354,77.26979057951033
-162.95442873630026,-2367.5328494158384,77.3285833761823
-159.51242605026547,-2369.570646635712,77.38672476433946
-156.0469084982366,-2371.568192153736,77.44422299758406
-152.55834677296397,-2373.5252146597295,77.50108620079935
-149.04721469710023,-2375.4414483474184,77.55732237273627
-145.5139891588396,-2377.3166329505393,77.61293938853373
-141.95915004715278,-2379.1505137781883,77.66794500217479
-138.38318018660308,-2380.9428417494128,77.72234684210846
-134.84450361925437,-2382.8077192659525,77.77615243815218
-131.2590264904338,-2384.5809518391657,77.82936919142814
-127.64048938881736,-2386.285706731878,77.8820043939234
-123.9901999981979,-2387.9213678718233,77.93406522857565
-120.30947747715825,-2389.487344156162,77.98555877065829
-116.59965198234799,-2390.9830696650897,78.03649198984293
-112.86206418778511,-2392.4080038663546,78.08687175220811
-109.09806480035598,-2393.7616318105966,78.13670482219935
-105.30901407169215,-2395.0434643174453,78.18599786429688
-101.4941886217567,-2396.2464218339546,78.23475744610374
-97.6587570416975,-2397.381967779605,78.28299003779905
-93.8028491789867,-2398.445910707718,78.33070201615288
-89.9278016528204,-2399.437881811105,78.37789966524338
-86.03495771700538,-2400.3575372310233,78.42458917833387
-82.1256667943282,-2401.2045581763805,78.47077665766064
-78.1786064662717,-2401.8531834662745,78.51646809433745
-74.23187284861265,-2402.503793757654,78.56166947945644
-70.27936002254894,-2403.118319883873,78.60638662584026
-66.32139789104073,-2403.6967105525014,78.650625296958
-62.35831681188601,-2404.238917487213,78.6943911746812
-58.390447570140964,-2404.744895431819,78.73768986090056
-54.41812135051994,-2405.2146021540393,78.78052687330482
-50.423280514607896,-2405.417694979513,78.8229076611391
-46.43523009218634,-2405.7266510090153,78.86483761519344
-42.44586941852496,-2406.018201031236,78.90632201303724
-38.455274462494096,-2406.2923394942263,78.94736607728962
-34.46352121645379,-2406.5490611776036,78.98797495850249
-30.470685694830067,-2406.788361192653,79.02815373648913
-26.476843932640925,-2407.0102349824156,79.06790742153112
-22.482071984083735,-2407.2146783217786,79.10724095555983
-18.48644592106917,-2407.4016873175556,79.14615921331261
-14.4900418317523,-2407.5712584085595,79.18466700346433
-10.49293581912445,-2407.72338836567,79.2227690697349
-6.495203999546526,-2407.858074291897,79.26047009197349
-2.4969225012790757,-2407.9753136224354,79.29777468721991
1.501832536941159,-2408.075104124711,79.33468739673575
5.501830066911359,-2408.0706588472026,79.37121272236342
9.50169957408169,-2408.1029686890392,79.40735527167345
13.50160993285597,-2408.129747810457,79.4431192521329
17.501553495858392,-2408.150996160258,79.47850898277555
21.501522615562546,-2408.1667136978167,79.51352872488506
25.501509644393174,-2408.176900393083,79.54818268377942
29.501506934827876,-2408.1815562265815,79.58247500970558
33.50150683906334,-2408.18068118941,79.61640979872037
37.501501709552535,-2408.174275283241,79.64999109355382
41.501483898670976,-2408.1623385203234,79.68322289117994
45.50144603058353,-2408.144933248656,79.71610911253677
49.50138003993502,-2408.121956726834,79.74865365952571
53.50127838671777,-2408.093439787646,79.78086036665235
57.50113339657912,-2408.059382485804,79.81273302239056
61.50093739553887,-2408.0197848866487,79.84427536670388
65.5006827095411,-2407.9746470661544,79.87549109181332
69.50036166472925,-2407.923969110921,79.90638384293399
73.49996658734521,-2407.8677511181786,79.93695721899788
77.49948980377283,-2407.8059931957873,79.96721461269789
81.49765308278043,-2407.9271971331264,79.99715969882072
85.4976105078621,-2407.9456524178768,80.0267959489862
89.49761024988099,-2407.9442158072857,80.05612677239922
93.49755338652074,-2407.9228873368806,80.0851555469849
97.49734099686482,-2407.881667534127,80.11388560838371
101.49687416384975,-2407.8205574184144,80.14232025064274
105.49605397668438,-2407.739558501031,80.17046272683605
109.49478153333635,-2407.638672785128,80.19831624967394
113.49295794295793,-2407.5179027656673,80.22588399210095
117.49048432831135,-2407.377251429362,80.25316908788295
121.4872618282545,-2407.216722254601,80.28017463218353
125.48319160015892,-2407.036319211364,80.30690368212986
129.47817482236093,-2406.8360467611233,80.3333592573684
133.47211269660784,-2406.615909856732,80.35954434061055
137.4649064504946,-2406.375913942304,80.38546187816858
141.45645733991083,-2406.116064953079,80.41111478048187
145.4466666514852,-2405.836369315271,80.43650590714091
149.4423470686012,-2405.650525283108,80.46163811899727
153.43376501307856,-2405.388642117346,80.48651422173414
157.4230156954977,-2405.095590939523,80.51113698248793
161.40985573616229,-2404.771389628361,80.53550913993193
165.39404190244642,-2404.416057963018,80.55963339981024
169.37533112363414,-2404.0296176218785,80.58351243542735
173.35348050574893,-2403.6120921812344,80.60714888810497
177.3282473463721,-2403.1635071138417,80.63054536763097
181.29938914945023,-2402.6838897873713,80.65370445270067
185.26666364008926,-2402.1732694627362,80.67662869135056
189.22982877933558,-2401.631677292309,80.69932060138473
193.18864277894235,-2401.059146318018,80.72178267079391
197.14286411612105,-2400.455711469334,80.74401735816764
201.09225154827615,-2399.8214095611384,80.76602708364763
205.05746566592268,-2399.2950285192924,80.78781426151438
209.00657592207864,-2398.6590032173394,80.80938126176058
212.94316629349294,-2397.9495976579515,80.83073042835737
216.8658733889119,-2397.167057535307,80.85186407883607
220.77333862539032,-2396.3116538728686,80.87278450365332
224.66420869881907,-2395.3836829295224,80.89349396656249
228.53713605262618,-2394.383466096967,80.91399470529736
232.392649924416,-2393.318096309319,80.93428893041349
236.22606508779535,-2392.1757617763687,80.95437882839322
240.03708087072445,-2390.960789059694,80.97426655956579
243.8243210110829,-2389.6736169192022,80.99395425945895
247.5864178327848,-2388.3147101879867,81.01344403897274
251.32201273968525,-2386.884559604468,81.03273798287127
254.97535314805768,-2385.25572448066,81.05183830040815
258.62666201217183,-2383.62234039269,81.07074674255958
262.2586913460103,-2381.9465233029905,81.08946546883209
265.870948042588,-2380.228500730953,81.10799647107373
269.4629416793749,-2378.4685059260537,81.12634171910965
273.0341845848848,-2376.6667778361766,81.14450316031586
276.58419190487587,-2374.823561075181,81.1624827199151
280.1124816681829,-2372.9391058896845,81.18028228857756
283.64981558490877,-2371.071682862734,81.19790377270526
287.1597453553244,-2369.1532478216795,81.21534902093003
290.6426116205186,-2367.186107110196,81.23261987259811
294.09773855736046,-2365.170642436651,81.24971814639414
297.52445572532184,-2363.1072448863,81.26664564051002
300.92209819656944,-2360.9963148454003,81.28340413290742
304.290006684988,-2358.8382619235203,81.29999538157601
307.62752767411115,-2356.633504874057,81.31642112478762
310.9340135439307,-2354.38247151298,81.33268308134669
314.20882269656147,-2352.085598635818,81.34878295083678
317.45131968073946,-2349.7433319329016,81.36472241386353
320.66087531512636,-2347.3561259028793,81.3805031322939
323.83686681039603,-2344.924443764529,81.39612674949181
326.97867789008257,-2342.4487573668694,81.4115948905504
330.08569891016464,-2339.9295470976044,81.42690916213509
333.15325253110325,-2337.3624252106138,81.44207115434504
336.18561476434326,-2334.753828023154,81.45708243832424
339.1821008160011,-2332.104097594937,81.47194456835192
342.1421527696089,-2329.4137272799153,81.4866590815311
345.0652194923709,-2326.683217998795,81.50122749801687
347.9507567377823,-2323.9130781457643,81.51565132122558
350.7982272469595,-2321.1038234938387,81.5299320380411
353.60710084867435,-2318.2559770988255,81.54407111901818
356.3768545580661,-2315.370069201939,81.55807001858277
359.1069726740174,-2312.446637131074,81.5719301752294
361.79694687516934,-2309.4862252007615,81.58565301171595
364.4462763145711,-2306.4893846108193,81.59923991473599
367.10035663577173,-2303.4967507126266,81.61269231647309
369.6950577619511,-2300.452489543509,81.62601157405813
372.2371242360661,-2297.3641407871046,81.63919904894492
374.7258070824058,-2294.2326143717064,81.6522560880328
377.1603730538179,-2291.0588329471525,81.66518402359416
379.5401048477474,-2287.8437316129857,81.67798417345175
381.8643013175759,-2284.5882576429412,81.69065784115234
384.13227767920364,-2281.2933702058513,81.703206316138
386.3433657128091,-2277.9600400830395,81.71563087214633
388.32723678945285,-2274.486676360182,81.72793276789098
390.3392363191726,-2271.029530443041,81.74011326383628
392.3089224966071,-2267.5481030974797,81.75217358708584
394.2360023300082,-2264.0429121874577,81.76411495908144
396.12018916534157,-2260.5144791117773,81.77593858810114
397.9612027289268,-2256.963328726522,81.78764566945235
399.7587691691275,-2253.389989266988,81.79923738562483
401.51262109708813,-2249.794992269104,81.81071490644192
403.2224976265065,-2246.1788724903713,81.82207938920943
404.88814441244256,-2242.542167830312,81.83333197886284
406.50931368915127,-2238.885419250459,81.84447380811227
408.0857643069378,-2235.209170693889,81.85550599758555
409.61726176802915,-2231.5139690043093,81.86642965596948
411.10357826145594,-2227.800363844714,81.87724587796934
412.3444090544115,-2223.997688609665,81.8879557483826
413.6361997662874,-2220.2120213294197,81.89856034914158
414.894348524528,-2216.4150407260818,81.90906073687268
416.11875626782245,-2212.6070457578394,81.91945796263738
417.309326591484,-2208.7883362501098,81.92975306633633
418.46596575504105,-2204.9592128719287,81.93994707686605
419.58858268961797,-2201.1199771122747,81.95004101224555
420.6770890051056,-2197.2709312563325,81.9600358797416
421.73139899712095,-2193.412378361693,81.96993267599215
422.75142965375505,-2189.5446222344876,81.97973238712832
423.7371006621082,-2185.667967405476,81.98943598889466
424.68833441461476,-2181.7827191060614,81.99904444676785
425.60505601515155,-2177.889183244263,82.00855871607405
426.4871932849381,-2173.9876663806244,82.0179797421044
427.3346767682165,-2170.0784757040815,82.02730846022934
428.14743973772255,-2166.161919007772,82.03654579601127
428.92541819993744,-2162.2383046648056,82.04569266531581
429.66855090012774,-2158.307941603978,82.05474997442165
430.376779327168,-2154.371139285454,82.06371862012898
431.05004771814737,-2150.428207676395,82.0725994898665
431.68830306276044,-2146.47945722656,82.08139345982589
432.12348443857707,-2142.503200548458,82.0901013991272
432.61700988067264,-2138.5337632283818,82.09872417397433
433.0851604557959,-2134.5612533115886,82.10726263092043
433.5279170480508,-2130.5858330067613,82.11571761211717
433.9452615784478,-2126.6076646414244,82.12408995093713
434.3371770056431,-2122.6269106553123,82.13238047209379
434.70364732663404,-2118.6437335937394,82.14058999173795
435.0446575774135,-2114.658296100956,82.14871931755332
435.36019383357944,-2110.6707609135165,82.1567692488507
435.65024321090453,-2106.6812908536294,82.1647405766611
435.914793865862,-2102.6900488225106,82.17263408382773
436.1538349961091,-2098.697197793726,82.1804505450967
436.36735684092827,-2094.702900806545,82.18819072720675
436.55535068162555,-2090.7073209592804,82.19585538897775
436.71780884188735,-2086.7106214026244,82.20344528139823
436.85472468809246,-2082.712965332992,82.21096114771171
436.96609262958447,-2078.714515985854,82.21840372350209
437.0519081188989,-2074.715436629075,82.22577373677784
437.11216765194945,-2070.7158905562446,82.23307190658987
436.9822452029411,-2066.718001093339,82.24029892943815
436.8488660033701,-2062.720225463104,82.24745553334793
436.7114140362481,-2058.722587791014,82.25454241275392
436.5698894442385,-2054.725092226288,82.261560259035
436.42429237422726,-2050.7277429178357,82.26850975645898
436.2746229773344,-2046.7305440146306,82.2753915822803
436.12088140889745,-2042.7334996652753,82.28220640681626
435.96306782848916,-2038.7366140184258,82.28895489352252
435.80118239990236,-2034.73989122236,82.29563769906773
435.6352252911623,-2030.7433354254008,82.30225547340721
435.4651966745135,-2026.7469507755363,82.30880885985577
435.2910967264284,-2022.7507414205782,82.3152984951596
435.11292562760735,-2018.754711508262,82.32172500956737
434.930683562975,-2014.7588651860847,82.3280890269005
434.74437072168155,-2010.7632066013518,82.33439116462247
434.5539872971039,-2006.7677399012282,82.3406320339075
434.35953348683745,-2002.7724692325185,82.34681225588463
434.0075262820079,-1998.7879879704442,82.35293241211168
433.73201412479204,-1994.7974876194787,82.35899308399176
433.46380928869104,-1990.806489477879,82.36499487062282
433.2029126729497,-1986.8150069267806,82.37093835267237
432.9493251522967,-1982.823053348744,82.37682410497433
432.70304757695845,-1978.830642127976,82.38265269653085
432.4640807726544,-1974.8377866502171,82.38842469057492
432.23242554059135,-1970.8445003026973,82.39414064463205
432.0080826574616,-1966.8507964740918,82.39980111058115
431.791052875442,-1962.8566885544749,82.40540663471475
431.5813369221882,-1958.862189935276,82.41095775779851
431.37893550083515,-1954.8673140092346,82.41645501513004
431.18384928999444,-1950.872074170355,82.42189893659699
430.99607894374924,-1946.8764838138618,82.42729004673454
430.81562509165593,-1942.8805563361545,82.43262886478219
430.6424883387369,-1938.8843051346973,82.4379159047399
430.47666926548925,-1934.8877436082375,82.44315168985516
430.4366622973696,-1930.8879436825605,82.4483367113468
430.3567014772787,-1926.888742978698,82.4534714241388
430.2753807892811,-1922.8895696960824,82.45855636395544
430.19270024275863,-1918.8904242961564,82.46359201921067
430.1086598472815,-1914.8913072417993,82.46857887360936
430.02325961257895,-1910.8922189958869,82.47351740599115
429.9364995485014,-1906.8931600198523,82.47840809038267
429.8483796650924,-1902.8941307765647,82.48325139604813
429.75889997255433,-1898.89513172889,82.48804778753932
429.66806048120714,-1894.8961633382503,82.49279772474513
429.57586120157885,-1890.8972260679845,82.49750166294044
429.4823021443054,-1886.8983203795087,82.50216005283441
429.3873833202176,-1882.899446735674,82.50677334061838
429.2911047402887,-1878.9006055988482,82.51134196801306
429.1934664156659,-1874.9017974318756,82.51586637231526
429.0944683576113,-1870.9030226961565,82.52034698644414
428.994110577598,-1866.9042818550074,82.52478423898688
428.8923930872041,-1862.905575369821,82.52917855424383
428.78931589820365,-1858.9069037034258,82.53353035227319
428.6848790225129,-1854.9082673181665,82.53784009425195
428.54568582703735,-1850.9106898946688,82.54210812726318
428.4139235733551,-1846.9128606452527,82.54633485965009
428.2850815213856,-1842.914936218071,82.5505207135205
428.15915973988274,-1838.9169187464868,82.5546660882845
428.03615829602313,-1834.9188103633942,82.55877137945889
427.91607725543327,-1830.9206132019428,82.56283697861683
427.79891668218085,-1826.9223293953298,82.5668632734292
427.68467663877624,-1822.9239610767988,82.57085064770493
427.5733571861708,-1818.9255103796388,82.57479948143094
427.4649583837583,-1814.9269794371821,82.57871015081166
427.3594802893664,-1810.9283703825963,82.58258302830806
427.2569229592855,-1806.9296853497142,82.58641848267632
427.15728644822724,-1802.9309264717856,82.59021687900596
427.0605708093497,-1798.9320958822036,82.59397857875773
426.96677609425956,-1794.9331957147115,82.59770397211204
426.8934942375847,-1790.9338670501081,82.60139336786564
426.81587379261003,-1786.9346202374966,82.60504709790862
426.7389483606887,-1782.935359995954,82.60866554194345
426.66271794421067,-1778.936086449939,82.61224904367998
426.5871825453442,-1774.9367997128847,82.61579794357613
426.51234216643627,-1770.937499909251,82.61931257871339
426.4381968097504,-1766.9381871598225,82.62279328283218
426.3647464775249,-1762.938861585384,82.62624038636604
426.29199117197413,-1758.9395233067216,82.62965421647553
426.21993089529826,-1754.9401724446207,82.63303509708172
426.14856564967715,-1750.9408091198677,82.63638334889923
426.07789543726176,-1746.9414334532496,82.63969928946909
426.00792026015796,-1742.9420455637155,82.64298327858626
425.95522286690607,-1738.942392706565,82.64623557839899
425.89687734856716,-1734.9428182564718,82.64945645965818
425.837568333933,-1730.9432579778747,82.65264626893544
425.77729582644656,-1726.9437121028795,82.65580530818102
425.71605982960625,-1722.9441808635916,82.65893387656365
425.6538603469631,-1718.9446644921152,82.66203227029712
425.5906973821255,-1714.9451632205537,82.66510078267122
425.52657093876553,-1710.9456772810097,82.66813970408155
425.46148102054804,-1706.9462069027156,82.67114932205891
425.3954276313507,-1702.9467523235103,82.67412992129832
425.3284107749636,-1698.947313772625,82.67708178368784
425.26043045526706,-1694.9478914821582,82.68000518833705
425.1914866761598,-1690.9484856813385,82.6829004116052
425.1215794417433,-1686.9490966080018,82.68576772712905
425.0507087560275,-1682.9497244913746,82.68860740585046
424.97887462311945,-1678.9503695635522,82.69141977554742
424.88356860094234,-1674.9515051294093,82.69420501945824
424.79747191574074,-1670.952431816602,82.69696340061711
424.7148398485756,-1666.9532854150189,82.69969520232188
424.63567246146545,-1662.9540689261755,82.702400682333
424.559969813826,-1658.9547853516399,82.70508009598731
424.4877319624833,-1654.9554376932524,82.70773369611108
424.4189589616487,-1650.956028952605,82.71036173304591
424.353650862948,-1646.956562131632,82.7129644546738
424.2918077153935,-1642.9570402320896,82.71554214696444
424.27663885794703,-1638.9570689941154,82.71809501305081
424.25311892212835,-1634.9571381434184,82.7206232532414
424.22683555237217,-1630.9572244962253,82.72312714572953
424.19778876122575,-1626.957329962408,82.72560692627128
424.16597856255163,-1622.9574564507832,82.72806282850318
424.1314049715333,-1618.957605870506,82.73049508376927
424.09406800467235,-1614.9577801307214,82.73290392114501
424.0539676797885,-1610.9579811402127,82.73528956746007
424.0111040160226,-1606.9582108085651,82.73765224732087
423.96547703383806,-1602.9584710450013,82.73999218313286
423.9170867550091,-1598.95876375838,82.74230959512258
423.8659332026331,-1594.959090857777,82.74460470135949
423.81201640112494,-1590.9594542522525,82.74687771777761
423.7553363762204,-1586.9598558508485,82.74912890592755
423.6415011524455,-1582.9614759858105,82.75135842004133
423.5540633356599,-1578.9624317705807,82.75356642279696
423.467642720446,-1574.963365443995,82.75575317897994
423.3822393123964,-1570.9642772647896,82.75791889388316
423.29785311703307,-1566.965167491703,82.76006377106876
423.21448413982006,-1562.966036383474,82.76218801210712
423.1321323861476,-1558.9668841988437,82.76429181659809
423.0507978613467,-1554.967711196554,82.76637538219062
422.9704805706786,-1550.968517635349,82.76843890460222
422.8911805193389,-1546.9693037739728,82.77048257763828
422.81289771246037,-1542.9700698711717,82.77250659321102
422.73563215510495,-1538.9708161856931,82.77451114135845
422.65938385228736,-1534.9715429771438,82.77649641026296
422.58415280891177,-1530.9722505025577,82.77846258626985
422.50993902986147,-1526.9729390215443,82.78040985390558
422.43674251993536,-1522.9736087928557,82.78233839589585
422.3645632838706,-1518.9742600752456,82.78424839318355
422.2934013263399,-1514.9748931274692,82.78614009881987
422.20345282731495,-1510.9759045970961,82.78801359222162
422.1264507833187,-1506.9766458301388,82.789869034211
422.0523717434816,-1502.977331852002,82.79170663788435
421.98121574737746,-1498.9779647990695,82.79352657534321
421.91298283301967,-1494.9785468080652,82.79532901720115
421.8476730368468,-1490.9790800145977,82.79711413240824
421.7852863937564,-1486.9795665558593,82.79888208826848
421.72582293706915,-1482.9800085679258,82.80063305045614
421.6692826985553,-1478.9804081877262,82.80236718303186
421.6156657084154,-1474.9807675515901,82.80408464845868
421.56497199529406,-1470.9810887963874,82.80578560761786
421.5172015862666,-1466.9813740583854,82.80747021982451
421.4723545068474,-1462.9816254736625,82.80913870014949
421.4821449215052,-1458.9816374550333,82.81079115725854
421.46467036503395,-1454.9816756253879,82.81242765833184
421.4458348530842,-1450.9817199728545,82.81404843483166
421.4256383878341,-1446.9817709609672,82.81565363809015
421.40408097162447,-1442.9818290518203,82.81724341834659
421.3811626069425,-1438.981894707987,82.81881792437748
421.3568832964522,-1434.9819683949172,82.8203773035129
421.33124304296234,-1430.9820505737432,82.8219217016507
421.3042418494385,-1426.982141707995,82.82345126327068
421.27587971900783,-1422.9822422607213,82.8249661314486
421.246156654944,-1418.982352694011,82.82646644787
421.21507266070586,-1414.9824734733086,82.82795235284392
421.1826277398813,-1410.982605059741,82.82942398531645
421.14882189622864,-1406.982747916832,82.83088156192011
421.023254897381,-1402.9847192865298,82.83232511609253
420.91227411666625,-1398.9862591746523,82.83375478678354
420.8086193918735,-1394.9876024379478,82.8351707272045
420.71229107095684,-1390.9887624993462,82.8365730695931
420.6232894772772,-1386.989752782393,82.83796194499838
420.5416149096013,-1382.990586711236,82.83933748319713
420.46726764209717,-1378.9912777104482,82.84069981270693
420.400247924339,-1374.9918392051832,82.84204906079852
420.3405559813031,-1370.992284620995,82.84338535350803
420.28819201336654,-1366.9926273838273,82.84470881564913
420.2431561963088,-1362.992880920002,82.84601957082506
420.2054486813069,-1358.993058656041,82.84731774144052
420.17506959494165,-1354.9931740188533,82.84860344871339
420.1520190391893,-1350.993240435424,82.84987681268645
420.1362970914295,-1346.993271333036,82.85113795223887
420.1279038044368,-1342.9932801389587,82.85238698509768
420.1268392063872,-1338.9932802806343,82.85362402784902
420.13310330085477,-1334.993285185535,82.85484919594936
420.14669606681065,-1330.9933082810167,82.85606260373656
420.167617458627,-1326.9933629944749,82.8572643644409
420.1958674060728,-1322.9934627531645,82.85845463635167
420.3886385615649,-1318.9981105432216,82.85963349070083
420.50414166894944,-1314.99977851198,82.86080097840147
420.6155688477515,-1311.0013308152243,82.86195726133778
420.72291998218003,-1307.0027716079844,82.86310244710506
420.82619496068014,-1303.0041050454063,82.86423664251335
420.925393675933,-1299.005335282747,82.86535995333753
421.02051602485426,-1295.006466475371,82.86647248432878
421.11156190859714,-1291.0075027787466,82.86757433922452
421.1985312325501,-1287.0084483484397,82.86866562075838
421.28142390633826,-1283.0093073401106,82.86974643066998
421.36023984382274,-1279.0100839095098,82.87081686971466
421.4349789630996,-1275.0107822125274,82.87187703767314
421.50564118650556,-1271.011406404973,82.87292703336102
421.5722264406105,-1267.011960642895,82.87396695463818
421.63473465622053,-1263.0124490823607,82.87499689841817
421.69316576838054,-1259.0128758795054,82.87601696067745
421.74751971637033,-1255.0132451905286,82.87702729003837
422.0344149692316,-1251.0235470673729,82.87802793278806
422.21273562867435,-1247.0275238263991,82.87901898546924
422.3655026317328,-1243.0304421106016,82.88000053095575
422.4927097330082,-1239.0324653281023,82.88097266072535
422.59435173203786,-1235.033756923623,82.88193546532607
422.6704244735077,-1231.0344803717962,82.8828890344312
422.72092484742313,-1227.0347991704687,82.88383345684764
422.74585078923485,-1223.0348768340423,82.88476882052427
422.74520127992406,-1219.0348768867727,82.88569521256038
422.718976346044,-1215.034962856089,82.88661271921393
422.6671770597185,-1211.0352982659072,82.88752142590975
422.58980553859874,-1207.036046629946,82.88842141724768
422.4868649457762,-1203.037371445046,82.88931277701057
422.3583594896536,-1199.0394361844687,82.89019558817228
422.20429442377275,-1195.042404291238,82.89106993290552
422.0246760465997,-1191.046439171449,82.89193587756066
421.9324083808632,-1187.0475034783092,82.89279353008331
421.7836041069572,-1183.0502722755805,82.8936429605583
421.59931829352047,-1179.054519688274,82.89448424542383
421.37956546602936,-1175.0605606630957,82.8953174629755
421.12436294548337,-1171.06871000538,82.89614269074069
420.8337308470403,-1167.0792823542813,82.89696000549873
420.5076920784299,-1163.0925921579708,82.8977694832881
420.1462723381496,-1159.1089536488525,82.89857119941365
419.74950011343736,-1155.1286808187947,82.89936522845373
419.3174066780277,-1151.1520873943834,82.90015164426725
418.850026089686,-1147.1794868121908,82.90093052000068
418.3473951875239,-1143.2111921940727,82.90170192809495
417.8095535890961,-1139.2475163224858,82.90246594029236
417.2365436872774,-1135.2887716158375,82.9032226276433
416.6284106469215,-1131.3352701038584,82.90397206051304
415.98520240130085,-1127.3873234030075,82.90471430858835
415.30696964832856,-1123.4452426919122,82.90544944088408
414.59376584656246,-1119.5093386868402,82.9061775257497
413.8456472109913,-1115.5799216172088,82.90689863087577
413.0626727086043,-1111.6573012011334,82.90761281796317
412.41286101407445,-1107.7104360195417,82.90832016442778
411.67263548050863,-1103.7795244001504,82.9090207314095
410.88450616625624,-1099.8579364330094,82.90971458294064
410.0485903894245,-1095.946255871659,82.91040178351757
409.1650125814418,-1092.0450649948568,82.91108239700986
408.233904268536,-1088.1549445199041,82.91175648667168
407.2554040521558,-1084.2764735162027,82.91242411514763
406.229657588339,-1080.4102293190554,82.91308534447877
405.15681756603067,-1076.5567874437268,82.91374023610841
404.0370436843536,-1072.716721499772,82.9143888508879
402.8705026288375,-1068.8906031056547,82.91503124908239
401.6573680466063,-1065.079001803656,82.9156674903765
400.3978205205283,-1061.2824849750934,82.91629763387996
399.0920475423377,-1057.501617755866,82.91692173813317
397.7402434847231,-1053.7369629523257,82.91753986111269
396.342609572395,-1049.9890809575031,82.91815206023676
394.8993538521317,-1046.258529667689,82.91875839237066
393.4106911618111,-1042.5458643993877,82.91935891383207
391.8768430984293,-1038.8516378066533,82.91995368039639
390.29803798511523,-1035.1763997988255,82.92054274730198
388.6745108371436,-1031.5206974586715,82.92112617522413
387.17911045239026,-1027.8107408970286,82.92170401162117
385.556914053679,-1024.1544478502378,82.92227630880261
383.8721950949789,-1020.5265390820634,82.92284312201544
382.125450014298,-1016.9280836324127,82.92340450387967
380.31719352695046,-1013.3601418621533,82.9239605065189
378.44795847388434,-1009.82376514065,82.9245111815549
376.51829566466995,-1006.3199955359614,82.92505658011254
374.5287737151921,-1002.8498655077713,82.9255967528245
372.47997888009394,-999.4143976031503,82.92613174983614
370.3725148800266,-996.0146041552441,82.92666162081015
368.20700272374927,-992.6514869849669,82.9271864149312
365.98408052513525,-989.3260371057918,82.92770618091062
363.7044033151389,-986.0392344317298,82.92822096699092
361.36864284877663,-982.7920474885772,82.92873082694197
358.91639830018414,-979.6319056129805,82.92923576940758
356.4457102294672,-976.4861623848685,82.9297358972526
353.9323393259734,-973.3744158171891,82.93023123346536
351.37675332757664,-970.2972450054203,82.93072182412574
348.77942782837425,-967.2552226105001,82.93120771475706
346.1408461901774,-964.248914752252,82.93168895044528
343.461499452555,-961.2788809040289,82.9321655758426
340.7418862414562,-958.3456737885986,82.93263763517177
337.98251267641103,-955.4498392752791,82.93310516684558
335.19181113969046,-952.5841831666455,82.93356822772617
332.3571961030962,-949.7619575211104,82.9340268504549
329.4835643966635,-946.979469279305,82.9344810798026
326.5714730311139,-944.237257785147,82.93493095789496
323.62148647200115,-941.5358545755062,82.93537652646334
320.63417653029865,-938.8757832771752,82.9358178268377
317.6101222515609,-936.2575595053694,82.93625489995054
314.54990980368564,-933.6816907637852,82.93668778634076
311.45413236329307,-931.1486763462266,82.93711652615745
308.3233900007483,-928.6590072398254,82.93754115916367
305.1582895638451,-926.2131660298695,82.93796174082046
301.91687786660464,-923.8693976520234,82.93837826409455
298.65352445617253,-921.5562775689724,82.9387908054621
295.36346164124484,-919.2813079705318,82.9391993952683
292.04713540048186,-917.0447972361915,82.93960407144016
288.704995272634,-914.8470485322168,82.94000487150191
285.3374942956083,-912.6883597705554,82.94040183261731
281.9450889450555,-910.569023568451,82.9407949915929
278.5282390724988,-908.4893272087849,82.94118438488147
275.0874078429919,-906.449552601126,82.94157004858548
271.6230616723409,-904.4499762435223,82.94195201846041
268.13567016387543,-902.4908691850169,82.94233032991815
264.62570604479856,-900.5724969889111,82.94270501803027
261.0936451021011,-898.6951196967611,82.94307611753132
257.5399661180725,-896.8589917931346,82.9434436628221
253.96515080539584,-895.0643621711082,82.9438078147249
250.4078380875967,-893.2352841990729,82.94416837011087
246.81530309894268,-891.476394675738,82.94452546845169
243.19358843877015,-889.7784008829659,82.944879146876
239.54372623763587,-888.1417867217389,82.94522943814108
235.86675664769336,-886.5670186008274,82.94557637470885
232.16372754626772,-885.0545453038743,82.94591998872917
228.43569423722636,-883.6047978614969,82.94626031204292
224.68371915023494,-882.218189428451,82.94659737618501
220.90887153798022,-880.895115165887,82.94693123895122
217.06921679028608,-879.7739321217296,82.9405394488275
213.23426767045294,-878.6367578834136,82.94096395086287
209.38453476084257,-877.5506839795452,82.94135157802329
205.5206989359538,-876.5159024961839,82.94173565176831
201.643443564566,-875.5325964476691,82.9421160460384
197.75345438887695,-874.6009397442501,82.9424927968814
193.85141940322143,-873.7210971613305,82.94286593921734
189.93802873238783,-872.8932243103225,82.9432355076345
186.01397450956577,-872.1174676111276,82.94360153638875
182.07995075392625,-871.393964266239,82.94396405940688
178.1366532478829,-870.7228422364759,82.94432311028966
174.18477941402998,-870.1042202183522,82.94467872231509
170.22502819179414,-869.5382076230835,82.94503097916004
166.22583170550365,-869.4580361561663,82.945379891745
162.23541883899532,-869.1812597936702,82.9457253040441
158.24399523978727,-868.9194628270776,82.94606740884645
154.25161713802797,-868.6726489445167,82.94640623708327
150.2583407773126,-868.4408216230382,82.94674182016587
146.2642224138948,-868.2239841285658,82.94707418920017
142.26931831587822,-868.0221395158499,82.94740337499341
138.27368476244763,-867.8352906284255,82.94772940805707
134.27737804306022,-867.6634400985715,82.94805231860965
130.28045445665654,-867.5065903472745,82.94837213657955
126.28297031086746,-867.364743584193,82.94868889160782
122.28498192122076,-867.237901807628,82.94900261305092
118.28654561034406,-867.1260668044932,82.94931332998354
114.28771770718693,-867.0292401502923,82.94962119118175
110.28855801861232,-867.1112266681637,82.94992621700793
106.28862227177417,-867.1338984946246,82.9502280012021
102.28869421596822,-867.1578888869793,82.95052689682561
98.28877428585544,-867.1831978426168,82.9508229299987
94.28886291609594,-867.2098253587881,82.95111612816221
90.28896054134886,-867.2377714326004,82.951406518486
86.2890675947399,-867.2670360610258,82.95169412787916
82.2891845139912,-867.2976192408671,82.95197898299256
78.28931173069387,-867.329520968818,82.95226111022126
74.28944968205703,-867.3627412413985,82.95254053570703
70.28959880222361,-867.3972800549972,82.95281728534077
66.28975952533538,-867.4331374058653,82.9530913847649
62.289932284511224,-867.4703132901197,82.9533628593758
58.29011751746609,-867.5088077036969,82.95363174270427
54.290315657316164,-867.55,82.95389809524838
50.29052713870872,-867.6,82.95416219327014
46.29075239628953,-867.6,82.95442340846114
42.290849150354695,-867.6,82.95468212401916
38.29102147015237,-867.6,82.95493856779518
34.29123464091436,-867.733,82.95519264768592
30.29149300377037,-867.7839098758335,82.95544400190086
26.291800899801068,-867.8335392300387,82.95569296736649
22.292162669828787,-867.8873354225999,82.95593954876752
18.29258265502652,-867.9452983951273,82.95618376903506
14.293065196299523,-868.0074280847116,82.95642565079147
10.29361463468971,-868.0737244239177,82.95666549906392
6.293624814088773,-868.0647002853744,82.9569028648794
2.2936504703166345,-868.0790268046962,82.95713795596893
-1.7061807379716933,-868.1157733039595,82.95737079602178
-5.705743147078559,-868.1749386286905,82.95760140659263
-9.70491110175655,-868.2565209200769,82.95782980903871
-13.703558959149152,-868.3605176150281,82.95805602451233
-17.70156109274341,-868.4869254462543,82.95828007396292
-21.69879189630265,-868.6357404423682,82.958501978139
-25.695125787833845,-868.8069579280125,82.95872175759007
-29.690437213518955,-869.0005725240047,82.9589395688567
-33.69025373266429,-868.9622604739951,82.95915524351327
-37.68927824030034,-869.0505949934553,82.95936881782048
-41.68685384158489,-869.1898405032968,82.95958034734907
-45.6823324225111,-869.3799744280948,82.95978985150585
-49.67506620905457,-869.6209659420512,82.9599973496845
-53.6644078721945,-869.9127759739911,82.96020286109194
-57.64971063286377,-870.2553572136969,82.96040640475097
-61.63032836681151,-870.6486541195803,82.96060799950197
-65.60561570935474,-871.0926029276852,82.96080766400476
-69.57492816000786,-871.5871316620266,82.96100541674022
-73.53762218697625,-872.1321601462598,82.96120127601213
-77.49305533148991,-872.7276000166792,82.96139525994879
-81.4405863119606,-873.3733547365428,82.96158738650476
-85.37957512795231,-874.0693196117261,82.96177766878415
-89.31021512951628,-874.810986098835,82.9619661356894
-93.2306972349105,-875.6045981333186,82.96215279757078
-97.14043374998083,-876.4495598973792,82.9623376721708
-101.03875213591617,-877.3457260437339,82.96252077659756
-104.92498181801352,-878.292942417106,82.96270212779747
-108.79845430102327,-879.2910460807427,82.96288174255459
-112.65850328414392,-880.3398653444427,82.96305981098355
-116.52978570786928,-881.3464299950033,82.96323602974539
-120.36843096193729,-882.4710644304631,82.96341054733755
-124.1850259236398,-883.6683960045511,82.96358339392782
-127.978193973566,-884.9379928480477,82.96375458544014
-131.74656694223123,-886.2793970261514,82.96392413771378
-135.4887856035641,-887.6921247036507,82.96409208915553
-139.15818172420344,-889.2844601299458,82.96425837327433
-142.8141489681797,-890.9073906617244,82.96442308250877
-146.45097233371598,-892.5727782466095,82.9645862145226
-150.06815878361638,-894.2803971111878,82.96474778449978
-153.66521794282198,-896.0300157568305,82.96490780739393
-157.241662164892,-897.8213969910802,82.96506629801584
-160.7970065981159,-899.6542979598045,82.96522327103449
-164.33076925123868,-901.5284701801195,82.96537874097835
-167.8424710588061,-903.4436595740772,82.96553282671812
-171.38304148917365,-905.3049389801861,82.96568535805933
-174.872810270554,-907.2598082475535,82.96583641001183
-178.33502702519323,-909.2630693747882,82.96598601563855
-181.76902075681448,-911.3143341190815,82.96613418869227
-185.1741259389153,-913.4132049342646,82.96628094288631
-188.54968264374952,-915.5592750478556,82.96642629180238
-191.895036670225,-917.7521285398938,82.96657024889211
-195.20953967069192,-919.9913404235474,82.96671282747846
-198.4925492765954,-922.2764767274786,82.96685404075686
-201.74342922296995,-924.6070945799491,82.96699390179647
-204.96154947175228,-926.9827422946519,82.96713242354139
-208.14628633388529,-929.4029594582491,82.96726961881186
-211.29702259019098,-931.8672770196038,82.96740550030543
-214.41314761099278,-934.3752173806835,82.96754008059818
-217.49405747445786,-936.9262944891221,82.96767337681638
-220.5325804368521,-939.527712988135,82.96780538848921
-223.53853196470652,-942.1667005614659,82.9679361388795
-226.50821284380038,-944.8464385106589,82.96806563717574
-229.4410706850755,-947.5664283788144,82.96819389537794
-232.3365599489106,-950.3261642217917,82.96832092535722
-235.19414204659788,-953.1251327023178,82.9684467388712
-238.01328544052424,-955.9628131854731,82.96857134756497
-240.79346574304384,-958.8386778355359,82.96869476297226
-243.53416581401854,-961.7521917141638,82.96881699651644
-246.2348758570111,-964.702812879898,82.96893805951156
-248.895093514112,-967.6899924889691,82.96905796316346
-251.5143239593829,-970.7131748973866,82.96917677345651
-254.15964241344457,-973.7135565858724,82.96929440247554
-256.71587939314367,-976.7901866422197,82.96941089787956
-259.2189705015983,-979.9102082611792,82.96952627767509
-261.66817931198665,-983.07270351068,82.96964055250682
-264.0627852500337,-986.2767419626131,82.96975373295261
-266.4020838060098,-989.521380966571,82.96986582948905
-268.685386742002,-992.8056659271812,82.9699768524926
-270.9120222943978,-996.1286305849541,82.97008682171506
-272.93803289742993,-999.5775841996606,82.97019559201235
-274.9615906739724,-1003.0279774997052,82.97030345332604
-276.94294018182455,-1006.5027802462996,82.97041028103449
-278.8817870222897,-1010.0014761360871,82.97051608568135
-280.7778431119286,-1013.5235453155539,82.97062087705896
-282.63082672536194,-1017.0684644582633,82.97072466486908
-284.4404625371324,-1020.6357068426208,82.97082745872063
-286.2064816626131,-1024.224742430134,82.97092926813062
-287.9286216979598,-1027.8350379441683,82.97103010252494
-289.6066267591001,-1031.466056949185,82.97112997123932
-291.2402475197537,-1035.117259930445,82.97122888352015
-292.8292412484796,-1038.7881043741756,82.97132684852535
-294.37337184474137,-1042.4780448481797,82.9714238753252
-295.87240987398786,-1046.1865330828748,82.97151997331233
-297.3242873049601,-1049.9137373871001,82.97161515042883
-298.7313027762514,-1053.6581074894739,82.9717094161526
-300.0927101397173,-1057.4193001182425,82.97180277909219
-301.4083083242639,-1061.1967597694927,82.9718952478927
-302.6779030245168,-1064.9899285367762,82.97198683111597
-303.90130672952046,-1068.7982461935098,82.97207753724187
-305.0783387504313,-1072.621150275717,82.97216737466917
-306.20882524720463,-1076.4580761650996,82.97225635171621
-307.29259925427027,-1080.3084571724303,82.9723444766218
-308.32950070519126,-1084.1717246212465,82.97243175754585
-309.3193764563052,-1088.0473079318413,82.9725182025702
-310.2620803093424,-1091.934634705535,82.97260381969937
-311.1574730330189,-1095.833130809213,82.97268861686126
-312.00542238359935,-1099.7422204601232,82.9727726019079
-312.8058031244289,-1103.6613263109152,82.97285578261621
-313.55849704443006,-1107.5898695349106,82.97293816668864
-314.2633929755614,-1111.5272699115906,82.97301976175396
-314.9203868092361,-1115.4729459122927,82.97310057536792
-315.52938151169866,-1119.4263147860984,82.97318061501397
-316.09028713835625,-1123.3867926459013,82.97325988810394
-316.6030208470622,-1127.3537945546434,82.97333839959241
-316.4793672994491,-1131.3518828228105,82.9734161559127
-316.57426553232295,-1135.3507569550054,82.97349313681487
-316.66147316204325,-1139.34980619563,82.97356938082068
-316.7409898660723,-1143.3490157542203,82.9736448948341
-316.81281535031815,-1147.3483708396752,82.97371968584464
-316.87694934913264,-1151.3478566603546,82.97379376077419
-316.9333916253169,-1155.3474584241656,82.97386712647831
-316.9821419701195,-1159.347161338586,82.97393978974694
-317.0232002032359,-1163.3469506106746,82.97401175730498
-317.0565661728132,-1167.3468114472307,82.97408303581295
-317.08223975544627,-1171.346729054744,82.97415363186758
-317.10022085618243,-1175.3466886395095,82.97422355200243
-317.11050940851743,-1179.3466754076517,82.97429280268848
-317.1131053744001,-1183.3466745652393,82.97436139033476
-317.10800874422847,-1187.3466713182356,82.97442932128894
-317.0952195368531,-1191.346650872673,82.97449660183786
-317.07473779957377,-1195.346598434602,82.9745632382082
-317.0465636081428,-1199.346499210206,82.97462923656704
-317.0106970667637,-1203.3463384058425,82.97469460302233
-316.9671383080874,-1207.3461012280814,82.9747593686492
-316.73487321358857,-1211.3393521505634,82.9748235058455
-316.5851000403351,-1215.3365471670234,82.97488693115274
-316.43742754183785,-1219.3338203417024,82.9749497498847
-316.2918557588495,-1223.3311705714218,82.97501196736968
-316.148384731606,-1227.3285967513737,82.97507358936548
-316.0070144997018,-1231.3260977783366,82.9751346215724
-315.8677451021958,-1235.3236725478635,82.9751950696362
-315.730576577552,-1239.3213199558882,82.97525493914856
-315.5955089636692,-1243.3190388979228,82.97531423564762
-315.462542297834,-1247.3168282702634,82.97537296461851
-315.3316766167708,-1251.3146869687848,82.97543113149382
-315.20291195661036,-1255.3126138897442,82.97548874165412
-315.0762483529424,-1259.310607928175,82.97554580042848
-314.9516858407207,-1263.3086679806988,82.97560231309491
-314.82922445437595,-1267.3067929423123,82.97565828488092
-314.708864227703,-1271.3049817096012,82.97571372096395
-314.590605193957,-1275.3032331779277,82.97576862647185
-314.4744473857985,-1279.3015462430394,82.9758230064834
-314.3603908353213,-1283.2999198002644,82.97587686602874
-314.2484355740013,-1287.29835274612,82.97593021008984
-314.1385816327811,-1291.296843975499,82.97598304360098
-314.03082904198,-1295.2953923848863,82.97603537144919
-313.9251778313673,-1299.2939968695455,82.97608723791475
-313.82710509668937,-1303.2927944070996,82.976138562938
-313.72787422101095,-1307.2915633726493,82.97618939746128
-313.6300179913552,-1311.2903662141068,82.97623974545448
-313.5335364193175,-1315.2892024579749,82.97628961157818
-313.43842951627346,-1319.2880716326304,82.9763390004448
-313.34469729346,-1323.2869732655067,82.9763879166226
-313.252339761956,-1327.2859068840344,82.97643636463613
-313.16135693265517,-1331.2848720165784,82.9764843489666
-313.0717488163317,-1335.2838681896224,82.97653187405233
-312.9835154235695,-1339.282894930585,82.97657900567414
-312.90823976613603,-1343.282186550277,82.97662562735259
-312.83139177090914,-1347.2814482839813,82.97667179616808
-312.75489885283844,-1351.280716824918,82.97671752314952
-312.6787610125228,-1355.2799921415615,82.97676281249356
-312.6029782508454,-1359.2792741883047,82.97680766838931
-312.5275505681028,-1363.2785629477025,82.97685209498562
-312.45247796465003,-1367.277858402311,82.9768960963916
-312.3777604413405,-1371.277160506523,82.97693967667705
-312.3033979987589,-1375.276469228812,82.97698283987278
-312.22939063774567,-1379.27578452357,82.97702558997103
-312.15573835864626,-1383.2751063733535,82.97706793092583
-312.08244116200893,-1387.274434746635,82.97710986665331
-312.00949904818106,-1391.2737696259708,82.97715140103215
-311.93691201797907,-1395.2731109657527,82.97719253790387
-311.8646800722466,-1399.2724587203732,82.97723328107325
-311.79280321127595,-1403.2718128723868,82.9772736343086
-311.7212814353968,-1407.2711734043492,82.97731360134219
-311.65011474566694,-1411.27054025657,82.97735318587053
-311.5793031421542,-1415.2699134256868,82.97739239155476
-311.50884662567,-1419.2692928660908,82.97743122202097
-311.4387451967669,-1423.2686785462556,82.97746968177545
-311.3679853423276,-1427.2680526266324,82.97750777444425
-311.29817474760694,-1431.2674433807224,82.97754550080433
-311.2288027506993,-1435.2668417804641,82.97758286611406
-311.15986935268256,-1439.2662477639133,82.97761987382069
-311.09137455438065,-1443.2656612829703,82.97765652734698
-311.0233183566215,-1447.265082289536,82.97769283008293
-310.9557007604494,-1451.2645107216651,82.97772878538605
-310.88852176644525,-1455.2639465451032,82.97776439658172
-310.82178137519537,-1459.2633897255957,82.9777996669635
-310.7554795877287,-1463.2628402011974,82.97783459979341
-310.689616404842,-1467.2622979238083,82.97786919830223
-310.6241918275503,-1471.2617628314827,82.97790346568982
-310.55920585619094,-1475.2612349038113,82.97793740512542
-310.4946584917709,-1479.2607140788489,82.97797106793094
-310.4392141001773,-1483.2603298035501,82.97800436727665
-310.38214333489805,-1487.259922646357,82.97803734286884
-310.32416979050873,-1491.25950250973,82.97807000289745
-310.2652934700324,-1495.2590691855382,82.97810235035807
-310.2055143764611,-1499.258622470009,82.97813438824245
-310.1448325128496,-1503.2581621593704,82.97816611951356
-310.0832478822962,-1507.257688048762,82.97819754710603
-310.0207604879845,-1511.2571999322342,82.9782286739264
-309.9573703329695,-1515.2566976136432,82.97825950285336
-309.89307742055394,-1519.2561808848623,82.97829003673807
-309.82788175401316,-1523.2556495421231,82.9783202784044
-309.7617833366798,-1527.255103380569,82.97835023064916
-309.73152800038355,-1529.0677860963863,82.97837989624252
-309.66411768106934,-1533.067218039075,82.9784092779279
-309.59580461929477,-1537.0666346641517,82.97843837842258
-309.5265888185394,-1541.0660357678512,82.97846720041782
-309.456470282404,-1545.0654211420522,82.97849574657914
-309.3854490143145,-1549.0647905917065,82.97852401954653
-309.3135250179597,-1553.0641439086937,82.97855202193469
-309.2406982970045,-1557.0634808892523,82.97857975633332
-309.1669688552391,-1561.062801325264,82.9786072253073
-309.0923366962885,-1565.0621050205941,82.978634431397
-309.016801823981,-1569.0613917693051,82.97866137711844
-308.940364242218,-1573.0606613654597,82.97868806496358
-308.8630239548448,-1577.059913607479,82.9787144974005
-308.7847809658218,-1581.0591482905177,82.97874067687368
-308.7056352791417,-1585.0583652108194,82.97876660580418
-308.62558689891864,-1589.0575641602725,82.9787923134378
-308.5419511746678,-1593.056689700674,82.97881778266238
-308.46515295400064,-1597.055952387382,82.97884297135457
-308.3880846112637,-1601.0552098899548,82.97886791916542
-308.3107461470318,-1605.0544621779816,82.9788926282209
-308.2331375616567,-1609.0537092332177,82.97891710080695
-308.1552588555019,-1613.052951037418,82.97894133918676
-308.0771100291478,-1617.0521875601726,82.97896534560185
-307.99869108249266,-1621.0514188075679,82.97898912227228
-307.9200020161214,-1625.0506447491932,82.97901267139687
-307.8410428306251,-1629.0498653546385,82.97903599515341
-307.76181352590214,-1633.0490806299908,82.97905909569882
-307.68231410253753,-1637.0482905448393,82.97908197516935
-307.6025445609046,-1641.0474950809394,82.97910463568087
-307.5225049013624,-1645.0466942200467,82.97912707932895
-307.44219512427946,-1649.0458879439168,82.9791493718198
-307.3491599087048,-1653.0448058382196,82.97917144415136
-307.2849157585268,-1657.04428989065,82.97919325613778
-307.22266225413296,-1661.0438054235196,82.97921485961758
-307.16239941094943,-1665.0433514460337,82.97923625634675
-307.1041272439021,-1669.042926967389,82.97925744830516
-307.04784576742804,-1673.042530996775,82.97927843745259
-306.99355499546914,-1677.042162543375,82.97929922573005
-306.9412549414761,-1681.0418206163647,82.97931981505997
-306.89094561840216,-1685.041504224913,82.97934024542023
-306.85243549619736,-1689.0413188419232,82.97936049603688
-306.79532220467456,-1693.040911084105,82.9793804916162
-306.7376067082478,-1697.0404946815886,82.97940029613429
-306.6792890082424,-1701.0400695437027,82.97941991112094
-306.62036910596447,-1705.039635579775,82.97943933839156
-306.5608470027979,-1709.0391926966859,82.97945857974264
-306.50072270005114,-1713.0387408062124,82.97947763695353
-306.43999619905276,-1717.0382798201322,82.97949651178656
-306.37866750120463,-1721.0378096453253,82.97951520598716
-306.3167366079578,-1725.037330188673,82.97953372128404
-306.25420352061195,-1729.0368413644014,82.97955205938942
-306.19106824064755,-1733.036343079392,82.9795702219991
-306.12733076955726,-1737.0358352380779,82.97958821079264
-306.0629911086486,-1741.0353177595825,82.97960602743355
-305.9980492594324,-1745.0347905483395,82.97962367356938
-305.9325052234055,-1749.0342535136801,82.97964115343015
-305.8682058003559,-1753.0337366786653,82.97965847346613
-305.8063604541376,-1757.0332589569014,82.97967561661324
-305.74456288582866,-1761.0327815845108,82.97969259575497
-305.68281308319945,-1765.0323053390134,82.97970941240662
-305.6211110643781,-1769.0318290526998,82.97972606812353
-305.5594568113809,-1773.0313538921403,82.97974256444589
-305.4978503241635,-1777.0308798567617,82.97975890289918
-305.4362916207893,-1781.030405778855,82.97977508499426
-305.37478068921945,-1785.0299324359428,82.97979111222753
-305.31331752942486,-1789.0294598274543,82.97980698608107
-305.2519021414637,-1793.0289879528186,82.97982270802277
-305.19053452539424,-1797.0285168114663,82.97983827950648
-305.12921468118736,-1801.0280464028258,82.97985370197212
-305.0679426087875,-1805.0275767263274,82.97986902130515
-305.0,-1809.027,82.97988419961854
-304.97385009476795,-1812.976576351898,82.97989923622228
-304.9042827396011,-1816.9759713528297,82.97991412245466
-304.85789532949906,-1820.9757023711722,82.97992882221267
-304.81269623353217,-1824.9754469945988,82.9799433815085
-304.7686854557107,-1828.9752048681767,82.97995780147171
-304.72586299989655,-1832.9749756407446,82.97997208343678
-304.6842288698714,-1836.9747589592541,82.97998622872437
-304.64378306931116,-1840.974554470656,82.98000023864253
-304.6045256017647,-1844.9743618237853,82.98001411448676
-304.5664564707183,-1848.9741806637037,82.9800278575402
-304.5295756795491,-1852.9740106354718,82.98004146907365
-304.4938832314783,-1856.973851389809,82.98005495034583
-304.4593791296886,-1860.9737025698869,82.98006830260334
-304.4260633772096,-1864.9735638245365,82.98008152708088
-304.3939359769825,-1868.9734348007012,82.9800946726211
-304.3365801015297,-1872.9730235675368,82.98010767484269
-304.28720088592223,-1876.9727187676976,82.98012053625293
-304.2413284877718,-1880.9724557243583,82.9801332746482
-304.19896294233894,-1884.9722313630598,82.9801458911259
-304.1601042821861,-1888.9720426093131,82.98015838685319
-304.1247525371942,-1892.971886387952,82.98017076298565
-304.0929077345291,-1896.9717596246517,82.98018302066781
-304.0645698986748,-1900.971659244415,82.98019516103325
-304.03973905141777,-1904.971582172369,82.9802071852047
-304.0184152118417,-1908.9715253338388,82.98021909429414
-304.00059839634224,-1912.9714856537016,82.9802308894029
-303.9862886186131,-1916.971460057326,82.9802425716218
-303.975485889656,-1920.9714454699988,82.98025414203119
-303.96819021777213,-1924.9714388167804,82.98026560170109
-303.9644016085741,-1928.9714370226534,82.98027695169128
-303.96412006497064,-1932.9714370128854,82.98028819305141
-303.9673455871815,-1936.9714357124542,82.98029932682105
0.0,0.0,0.0
0.0,0.0,0.0
